Year,Month,Kvalitet,Avg_nederbörd_per_dag,Max_uppmätta_nederbörd
1944,1,G,2.7,16.6
1944,2,G,0.69,9.8
1944,3,G,0.64,4.0
1944,4,G,1.2,12.8
1944,5,G,1.54,10.0
1944,6,G,2.74,15.0
1944,7,G,1.67,19.8
1944,8,G,1.32,20.4
1944,9,G,4.5,32.0
1944,10,G,1.88,19.0
1944,11,G,3.77,18.0
1944,12,G,2.88,17.5
1945,1,G,2.18,18.2
1945,2,G,2.2,12.5
1945,3,G,0.96,9.8
1945,4,G,0.66,12.0
1945,5,G,1.61,11.5
1945,6,G,1.96,28.0
1945,7,G,4.47,57.0
1945,8,G,3.25,24.2
1945,9,G,2.25,16.0
1945,10,G,1.56,15.4
1945,11,G,0.94,15.3
1945,12,G,1.48,10.6
1946,1,G,1.47,11.0
1946,2,G,2.14,15.2
1946,3,G,0.85,7.3
1946,4,G,0.78,8.3
1946,5,G,1.04,22.1
1946,6,G,3.21,25.8
1946,7,G,3.59,50.0
1946,8,G,1.83,11.2
1946,9,G,4.94,24.4
1946,10,G,0.8,11.3
1946,11,G,2.83,10.7
1946,12,G,1.42,11.4
1947,1,G,0.61,7.2
1947,2,G,0.4,7.0
1947,3,G,2.07,12.7
1947,4,G,1.77,11.1
1947,5,G,0.03,0.7
1947,6,G,1.35,15.0
1947,7,G,1.59,14.5
1947,8,G,0.25,6.1
1947,9,G,1.1,10.9
1947,10,G,0.34,3.1
1947,11,G,3.54,18.8
1947,12,G,0.77,4.8
1948,1,G,1.77,19.0
1948,2,G,1.12,11.0
1948,3,G,0.68,5.5
1948,4,G,2.07,17.2
1948,5,G,0.77,8.8
1948,6,G,1.74,16.1
1948,7,G,1.33,8.6
1948,8,G,3.67,28.5
1948,9,G,2.34,16.6
1948,10,G,1.72,16.5
1948,11,G,0.99,6.3
1948,12,G,1.66,17.3
1949,1,G,2.29,13.1
1949,2,G,1.01,8.8
1949,3,G,0.25,2.2
1949,4,G,2.82,22.4
1949,5,G,2.23,24.9
1949,6,G,0.56,6.2
1949,7,G,0.92,12.6
1949,8,G,2.32,25.9
1949,9,G,1.34,14.6
1949,10,G,4.97,35.8
1949,11,G,1.63,11.7
1949,12,G,3.91,17.0
1950,1,G,0.93,6.2
1950,2,G,2.99,17.8
1950,3,G,2.15,30.8
1950,4,G,1.65,11.1
1950,5,G,1.55,14.4
1950,6,G,1.47,11.9
1950,7,G,2.05,19.4
1950,8,G,3.64,27.2
1950,9,G,5.02,24.5
1950,10,G,3.36,19.8
1950,11,G,3.58,20.2
1950,12,G,2.03,16.8
1951,1,Y,3.57,21.6
1951,2,Y,2.08,10.2
1951,3,Y,1.65,18.0
1951,4,Y,2.24,20.8
1951,5,Y,0.42,8.5
1951,6,Y,0.4,6.1
1951,7,Y,0.96,8.5
1951,8,Y,4.19,41.8
1951,9,Y,2.31,18.6
1951,10,Y,0.51,9.5
1951,11,Y,2.71,10.0
1951,12,Y,1.84,10.7
1952,1,Y,1.43,8.3
1952,2,Y,1.13,6.9
1952,3,Y,0.51,6.0
1952,4,Y,1.6,18.0
1952,5,Y,1.17,16.3
1952,6,Y,1.17,20.5
1952,7,Y,1.97,16.0
1952,8,Y,2.72,15.0
1952,9,Y,2.67,26.3
1952,10,Y,2.42,37.9
1952,11,Y,1.19,8.2
1952,12,Y,1.55,8.8
1953,1,Y,1.02,12.0
1953,2,Y,0.78,6.9
1953,3,Y,0.2,3.2
1953,4,Y,2.23,18.0
1953,5,Y,1.39,13.0
1953,6,Y,2.0,18.0
1953,7,Y,3.92,28.0
1953,8,Y,3.49,25.6
1953,9,Y,3.4,27.1
1953,10,Y,1.43,18.9
1953,11,Y,1.48,8.8
1953,12,Y,2.41,33.8
1954,1,Y,1.85,25.7
1954,2,Y,0.62,5.2
1954,3,Y,2.2,20.1
1954,4,Y,0.84,7.6
1954,5,Y,2.18,22.3
1954,6,Y,1.81,10.4
1954,7,Y,2.23,19.5
1954,8,Y,1.48,10.8
1954,9,Y,4.03,14.6
1954,10,Y,2.97,16.8
1954,11,Y,2.64,11.7
1954,12,Y,2.57,13.6
1955,1,Y,1.31,17.0
1955,2,Y,0.61,3.9
1955,3,Y,0.34,3.2
1955,4,Y,0.91,12.1
1955,5,Y,2.81,14.4
1955,6,Y,0.87,6.9
1955,7,Y,0.83,24.6
1955,8,Y,1.86,13.5
1955,9,Y,2.27,11.5
1955,10,Y,3.45,25.4
1955,11,Y,1.39,14.2
1955,12,Y,3.4,17.4
1956,1,Y,1.47,12.2
1956,2,Y,0.49,4.8
1956,3,Y,0.48,8.5
1956,4,Y,0.88,5.2
1956,5,Y,0.8,8.0
1956,6,Y,2.38,16.8
1956,7,Y,1.99,18.5
1956,8,Y,2.91,15.0
1956,9,Y,1.71,16.0
1956,10,Y,0.8,6.1
1956,11,Y,1.12,12.0
1956,12,Y,1.52,9.3
1957,1,Y,1.84,8.6
1957,2,Y,2.48,18.6
1957,3,Y,1.85,19.6
1957,4,Y,0.65,6.6
1957,5,Y,0.49,4.3
1957,6,Y,2.23,25.0
1957,7,Y,2.52,23.4
1957,8,Y,3.14,17.3
1957,9,Y,3.27,25.8
1957,10,Y,2.42,9.6
1957,11,Y,0.96,10.8
1957,12,Y,1.14,10.6
1958,1,Y,1.29,8.4
1958,2,Y,2.25,12.9
1958,3,Y,0.24,1.9
1958,4,Y,1.0,7.2
1958,5,Y,1.29,7.7
1958,6,Y,1.18,11.3
1958,7,Y,3.36,46.4
1958,8,Y,2.83,20.5
1958,9,Y,0.63,7.4
1958,10,Y,1.66,14.3
1958,11,Y,2.13,19.8
1958,12,Y,3.47,18.9
1959,1,Y,2.49,28.0
1959,2,Y,0.41,3.8
1959,3,Y,1.38,17.1
1959,4,Y,3.01,18.5
1959,5,Y,1.1,16.7
1959,6,Y,0.99,8.9
1959,7,Y,1.25,9.1
1959,8,Y,0.4,6.1
1959,9,Y,1.39,20.2
1959,10,Y,2.6,27.1
1959,11,Y,2.08,23.6
1959,12,Y,2.31,13.3
1960,1,Y,4.51,23.6
1960,2,Y,1.26,9.4
1960,3,Y,0.59,7.9
1960,4,Y,1.03,11.0
1960,5,Y,0.76,12.6
1960,6,Y,2.77,32.1
1960,7,Y,3.64,19.0
1960,8,Y,2.69,14.2
1960,9,Y,1.88,43.5
1960,10,Y,1.21,8.4
1960,11,Y,3.8,14.4
1960,12,Y,3.33,22.3
1961,1,Y,1.42,13.8
1961,2,Y,1.4,11.0
1961,3,Y,0.78,7.2
1961,4,Y,1.21,12.4
1961,5,Y,0.98,8.2
1961,6,Y,1.84,11.0
1961,7,Y,1.96,11.3
1961,8,Y,1.91,13.7
1961,9,Y,2.4,13.3
1961,10,Y,2.59,14.9
1961,11,Y,2.09,10.8
1961,12,Y,1.64,14.9
1962,1,Y,2.43,14.6
1962,2,Y,2.11,14.6
1962,3,Y,1.13,11.5
1962,4,Y,1.44,17.6
1962,5,Y,1.95,9.4
1962,6,Y,1.1,8.6
1962,7,Y,2.41,14.1
1962,8,Y,6.4,25.0
1962,9,Y,2.93,25.9
1962,10,Y,2.3,24.2
1962,11,Y,1.99,25.6
1962,12,Y,1.51,15.0
1963,1,Y,0.25,4.0
1963,2,Y,0.32,5.3
1963,3,Y,1.48,16.7
1963,4,Y,0.85,10.9
1963,5,Y,1.62,14.7
1963,6,Y,1.52,21.0
1963,7,Y,3.12,32.5
1963,8,Y,5.14,29.7
1963,9,Y,2.16,12.9
1963,10,Y,3.54,30.0
1963,11,Y,4.45,23.5
1963,12,Y,1.12,13.1
1964,1,Y,0.73,6.4
1964,2,Y,0.71,4.8
1964,3,Y,0.02,0.6
1964,4,Y,1.36,19.8
1964,5,Y,1.3,10.0
1964,6,Y,3.02,28.2
1964,7,Y,3.25,22.6
1964,8,Y,0.71,8.7
1964,9,Y,1.77,15.2
1964,10,Y,4.63,22.8
1964,11,Y,1.67,10.6
1964,12,Y,3.87,18.0
1965,1,Y,1.84,10.2
1965,2,Y,0.41,4.0
1965,3,Y,0.75,5.1
1965,4,Y,1.51,9.3
1965,5,Y,0.95,11.2
1965,6,Y,2.49,17.6
1965,7,Y,3.42,26.4
1965,8,Y,2.76,16.0
1965,9,Y,3.63,24.0
1965,10,Y,1.3,18.3
1965,11,Y,1.63,16.6
1965,12,Y,2.78,17.5
1966,1,Y,1.18,14.2
1966,2,Y,2.66,11.6
1966,3,Y,2.51,16.1
1966,4,Y,1.16,12.7
1966,5,Y,0.91,8.4
1966,6,Y,1.58,12.0
1966,7,Y,1.63,20.5
1966,8,Y,2.77,16.4
1966,9,Y,1.63,9.5
1966,10,Y,2.41,15.0
1966,11,Y,3.17,23.1
1966,12,Y,3.7,21.1
1967,1,Y,2.84,20.5
1967,2,Y,3.09,24.5
1967,3,Y,2.09,14.6
1967,4,Y,1.95,19.1
1967,5,Y,1.85,13.5
1967,6,Y,1.41,12.4
1967,7,Y,1.77,21.2
1967,8,Y,2.63,29.2
1967,9,Y,3.03,17.5
1967,10,Y,7.11,34.8
1967,11,Y,2.0,17.5
1967,12,Y,2.35,24.9
1968,1,Y,2.16,17.3
1968,2,Y,0.96,7.0
1968,3,Y,2.13,10.7
1968,4,Y,1.54,16.4
1968,5,Y,1.55,16.1
1968,6,Y,2.0,10.9
1968,7,Y,1.96,22.0
1968,8,Y,1.65,17.0
1968,9,Y,2.95,41.9
1968,10,Y,3.47,27.9
1968,11,Y,2.17,18.3
1968,12,Y,1.75,21.5
1969,1,Y,3.14,14.7
1969,2,Y,0.88,5.1
1969,3,Y,0.54,10.1
1969,4,Y,1.12,7.1
1969,5,Y,4.07,37.0
1969,6,Y,1.47,21.7
1969,7,Y,1.63,15.5
1969,8,Y,1.95,11.9
1969,9,Y,1.78,12.1
1969,10,Y,0.9,11.7
1969,11,Y,2.87,13.0
1969,12,Y,0.87,11.0
1970,1,Y,0.65,10.1
1970,2,Y,1.61,20.1
1970,3,Y,2.09,19.1
1970,4,Y,2.05,10.8
1970,5,Y,0.96,9.0
1970,6,Y,3.12,25.8
1970,7,Y,3.13,14.6
1970,8,Y,1.89,21.3
1970,9,Y,3.08,22.9
1970,10,G,3.12,15.5
1970,11,Y,2.69,15.8
1970,12,Y,1.03,11.2
1971,1,Y,2.03,13.6
1971,2,Y,1.18,11.0
1971,3,Y,1.98,13.4
1971,4,Y,1.44,15.2
1971,5,Y,1.02,11.1
1971,6,Y,2.41,46.5
1971,7,Y,2.3,15.4
1971,8,Y,3.85,44.0
1971,9,Y,2.93,33.1
1971,10,Y,2.16,18.4
1971,11,Y,2.97,22.2
1971,12,Y,1.3,10.9
1972,1,Y,0.91,5.5
1972,2,Y,0.7,4.9
1972,3,Y,0.92,6.5
1972,4,Y,2.29,15.3
1972,5,Y,3.14,37.0
1972,6,Y,3.45,19.9
1972,7,Y,3.53,18.8
1972,8,Y,1.15,8.3
1972,9,Y,0.66,6.1
1972,10,Y,1.0,9.8
1972,11,Y,2.1,11.7
1972,12,Y,3.15,19.2
1973,1,Y,2.21,12.7
1973,2,Y,1.76,22.8
1973,3,Y,0.57,6.3
1973,4,Y,2.12,17.9
1973,5,Y,1.73,13.7
1973,6,Y,0.86,10.6
1973,7,Y,0.77,6.0
1973,8,Y,2.05,15.9
1973,9,Y,2.51,15.5
1973,10,Y,1.13,13.8
1973,11,Y,3.08,17.0
1973,12,Y,2.43,13.8
1974,1,Y,2.55,14.0
1974,2,Y,1.51,11.0
1974,3,Y,0.6,5.8
1974,4,Y,0.0,0.0
1974,5,Y,0.91,11.2
1974,6,Y,1.12,15.5
1974,7,Y,1.68,16.6
1974,8,Y,2.13,14.7
1974,9,Y,4.96,22.6
1974,10,Y,1.73,12.7
1974,11,Y,3.93,23.9
1974,12,Y,2.82,16.8
1975,1,Y,3.34,19.6
1975,2,Y,0.26,3.9
1975,3,Y,0.65,6.2
1975,4,Y,1.4,9.6
1975,5,Y,1.19,15.5
1975,6,Y,0.77,13.2
1975,7,Y,3.43,27.3
1975,8,Y,1.25,17.9
1975,9,Y,3.9,24.5
1975,10,Y,1.32,11.7
1975,11,Y,2.52,21.9
1975,12,Y,1.52,28.9
1976,1,Y,1.51,11.5
1976,2,Y,0.77,8.6
1976,3,Y,0.51,6.1
1976,4,Y,0.69,5.8
1976,5,Y,1.65,13.4
1976,6,Y,0.96,8.1
1976,7,Y,0.52,7.8
1976,8,Y,0.22,2.8
1976,9,Y,1.84,20.7
1976,10,Y,3.26,17.5
1976,11,Y,3.43,23.3
1976,12,Y,3.07,15.8
1977,1,G,3.16,11.8
1977,2,G,1.7,12.5
1977,3,G,2.61,17.6
1977,4,G,2.77,21.9
1977,5,G,1.36,12.2
1977,6,G,2.19,31.9
1977,7,G,2.22,27.8
1977,8,G,0.45,5.4
1977,9,Y,3.09,20.0
1977,10,G,2.59,24.0
1977,11,G,3.99,21.0
1977,12,G,1.7,22.2
1978,1,G,1.31,9.3
1978,2,G,1.04,8.0
1978,3,G,3.82,20.2
1978,4,G,0.49,6.4
1978,5,G,0.63,7.1
1978,6,G,1.93,13.6
1978,7,G,0.92,6.3
1978,8,G,3.48,30.2
1978,9,G,4.24,16.9
1978,10,G,1.04,12.1
1978,11,G,2.34,15.6
1978,12,G,0.83,9.2
1979,1,G,1.33,14.7
1979,2,G,0.41,3.5
1979,3,G,2.28,16.3
1979,4,G,1.79,11.6
1979,5,G,2.88,16.5
1979,6,G,1.35,14.1
1979,7,G,1.79,17.8
1979,8,G,3.12,38.5
1979,9,G,3.05,22.2
1979,10,G,1.75,17.7
1979,11,G,5.43,38.4
1979,12,G,3.01,30.0
1980,1,G,0.93,6.6
1980,2,G,0.92,9.1
1980,3,G,0.61,10.1
1980,4,G,0.22,2.5
1980,5,G,1.14,17.6
1980,6,G,3.46,18.3
1980,7,G,2.28,16.5
1980,8,G,3.3,20.8
1980,9,G,2.64,28.7
1980,10,G,3.38,14.8
1980,11,G,3.06,27.6
1980,12,G,4.7,46.4
1981,1,G,1.16,20.8
1981,2,G,1.5,15.5
1981,3,G,2.87,18.7
1981,4,G,0.37,10.3
1981,5,G,1.82,18.6
1981,6,G,3.26,14.0
1981,7,G,2.3,16.0
1981,8,G,0.78,16.7
1981,9,G,1.67,15.7
1981,10,G,4.75,28.2
1981,11,G,5.63,39.5
1981,12,G,0.79,5.4
1982,1,G,1.57,14.0
1982,2,G,1.06,9.8
1982,3,G,1.91,13.0
1982,4,G,0.87,10.0
1982,5,G,2.6,19.9
1982,6,G,1.91,30.2
1982,7,G,0.71,17.6
1982,8,G,3.56,21.0
1982,9,G,2.42,24.0
1982,10,G,2.66,24.1
1982,11,G,4.01,25.1
1982,12,G,3.26,18.8
1983,1,G,2.96,11.9
1983,2,G,1.11,12.2
1983,3,G,2.17,10.1
1983,4,G,2.07,21.6
1983,5,G,2.69,20.2
1983,6,G,1.37,12.3
1983,7,G,2.02,35.8
1983,8,G,0.69,16.5
1983,9,G,4.48,28.3
1983,10,G,2.36,13.1
1983,11,G,1.47,14.1
1983,12,G,2.36,13.9
1984,1,G,3.79,19.8
1984,2,G,1.14,13.9
1984,3,G,0.58,4.0
1984,4,G,0.76,7.4
1984,5,G,1.94,22.3
1984,6,G,2.47,26.6
1984,7,G,1.7,16.7
1984,8,G,1.65,12.2
1984,9,Y,3.22,16.2
1984,10,G,4.78,30.8
1984,11,G,2.17,13.9
1984,12,G,2.45,21.1
1985,1,G,1.54,13.9
1985,2,G,0.64,7.2
1985,3,G,1.63,10.3
1985,4,G,3.7,17.3
1985,5,G,0.68,7.7
1985,6,G,3.75,19.7
1985,7,G,1.44,15.3
1985,8,G,4.35,36.3
1985,9,G,4.03,27.2
1985,10,G,1.9,20.2
1985,11,G,1.78,13.7
1985,12,G,6.34,29.6
1986,1,G,2.6,14.1
1986,2,G,0.02,0.4
1986,3,G,3.3,31.3
1986,4,G,0.72,6.0
1986,5,G,2.19,15.7
1986,6,G,0.26,3.8
1986,7,G,2.16,35.0
1986,8,G,4.09,22.0
1986,9,G,0.79,5.2
1986,10,G,3.26,23.5
1986,11,G,4.6,17.2
1986,12,G,2.81,15.6
1987,1,G,0.61,6.8
1987,2,G,1.98,18.2
1987,3,G,1.63,11.2
1987,4,G,1.19,20.3
1987,5,G,1.78,17.7
1987,6,G,5.09,43.9
1987,7,G,3.25,23.4
1987,8,G,4.22,38.3
1987,9,G,2.3,24.2
1987,10,G,2.44,23.4
1987,11,G,2.62,22.7
1987,12,G,1.71,12.3
1988,1,G,4.73,25.3
1988,2,G,4.41,15.2
1988,3,G,2.23,13.2
1988,4,G,1.36,13.7
1988,5,G,0.84,8.2
1988,6,G,0.46,4.5
1988,7,G,4.91,28.6
1988,8,G,1.75,10.0
1988,9,G,3.58,28.2
1988,10,G,2.84,19.4
1988,11,G,1.83,32.5
1988,12,G,1.64,15.5
1989,1,G,0.8,6.9
1989,2,G,3.31,15.9
1989,3,G,3.14,19.4
1989,4,G,1.24,12.6
1989,5,G,1.02,11.4
1989,6,G,0.88,6.8
1989,7,G,1.75,12.0
1989,8,G,2.42,18.8
1989,9,G,0.89,7.2
1989,10,G,3.03,21.9
1989,11,G,0.77,7.5
1989,12,G,2.01,20.5
1990,1,G,4.18,16.8
1990,2,G,3.3,15.5
1990,3,G,1.07,10.6
1990,4,G,2.23,16.2
1990,5,G,2.91,29.5
1990,6,G,3.48,27.0
1990,7,G,1.99,15.5
1990,8,G,1.78,10.4
1990,9,G,3.23,23.0
1990,10,G,2.55,23.3
1990,11,G,1.49,15.2
1990,12,G,4.16,19.5
1991,1,G,2.57,20.4
1991,2,G,1.28,10.7
1991,3,G,1.65,24.3
1991,4,G,0.99,9.2
1991,5,G,1.21,14.0
1991,6,G,3.82,23.6
1991,7,G,0.36,6.2
1991,8,G,1.9,10.1
1991,9,G,2.09,13.1
1991,10,G,2.41,16.3
1991,11,G,4.69,21.3
1991,12,G,1.75,17.1
1992,1,G,2.25,16.4
1992,2,G,1.79,11.7
1992,3,G,2.57,19.8
1992,4,G,2.96,21.2
1992,5,G,0.83,14.4
1992,6,G,0.12,3.1
1992,7,G,2.05,21.2
1992,8,G,5.26,25.5
1992,9,G,1.86,15.3
1992,10,G,2.82,19.8
1992,11,G,4.61,32.6
1992,12,G,2.06,12.0
1993,1,G,4.08,16.3
1993,2,G,1.16,14.4
1993,3,G,0.58,8.7
1993,4,G,0.83,8.2
1993,5,G,2.11,15.7
1993,6,G,1.26,6.6
1993,7,G,4.8,28.7
1993,8,G,3.06,22.5
1993,9,G,1.65,11.3
1993,10,G,2.33,28.1
1993,11,G,1.51,14.8
1993,12,G,4.12,12.3
1994,1,G,3.04,15.6
1994,2,G,2.01,21.4
1994,3,G,2.66,17.2
1994,4,G,1.42,11.2
1994,5,G,0.21,2.6
1994,6,G,2.95,27.0
1994,7,G,0.26,7.2
1994,8,G,2.93,17.5
1994,9,G,6.99,45.0
1994,10,G,2.49,26.9
1994,11,G,2.05,18.8
1994,12,G,4.42,14.0
1995,1,G,4.0,28.5
1995,2,G,3.33,16.7
1995,3,G,2.88,19.2
1995,4,G,1.62,10.9
1995,5,G,1.69,14.4
1995,6,G,2.4,12.1
1995,7,G,2.29,52.0
1995,8,G,0.35,5.0
1995,9,G,4.42,33.1
1995,10,G,2.72,27.5
1995,11,G,2.15,22.7
1995,12,G,0.61,4.8
1996,1,G,0.48,6.5
1996,2,G,1.28,11.3
1996,3,G,0.75,8.0
1996,4,G,0.79,13.8
1996,5,G,3.88,24.2
1996,6,G,1.76,17.0
1996,7,G,0.88,10.2
1996,8,G,2.31,29.4
1996,9,G,2.34,27.2
1996,10,G,2.56,18.1
1996,11,G,3.4,18.7
1996,12,G,1.65,28.6
1997,1,G,1.15,11.5
1997,2,G,5.93,34.6
1997,3,G,1.16,10.9
1997,4,G,1.6,14.8
1997,5,G,2.43,19.4
1997,6,G,2.65,29.2
1997,7,G,2.66,52.9
1997,8,G,2.93,34.6
1997,9,G,2.13,13.9
1997,10,G,2.25,16.5
1997,11,G,1.11,8.6
1997,12,G,3.32,14.7
1998,1,G,2.46,16.9
1998,2,G,2.54,12.2
1998,3,G,1.15,17.8
1998,4,G,3.11,18.9
1998,5,G,1.0,12.7
1998,6,G,3.98,22.6
1998,7,G,3.34,44.0
1998,8,G,3.77,24.5
1998,9,G,2.31,24.1
1998,10,G,5.61,27.5
1998,11,G,0.94,9.9
1998,12,G,2.69,21.5
1999,1,G,3.67,18.0
1999,2,G,1.8,15.0
1999,3,G,3.27,12.2
1999,4,G,2.78,33.3
1999,5,G,2.26,11.6
1999,6,G,5.35,28.0
1999,7,G,1.27,10.2
1999,8,G,1.85,13.8
1999,9,G,1.93,10.7
1999,10,G,3.37,37.8
1999,11,G,0.84,8.0
1999,12,G,5.37,24.5
2000,1,G,2.57,17.8
2000,2,G,4.31,27.0
2000,3,G,1.18,8.1
2000,4,G,2.71,19.3
2000,5,G,2.86,29.1
2000,6,G,2.1,13.0
2000,7,G,2.23,18.2
2000,8,G,2.04,12.4
2000,9,G,0.84,11.7
2000,10,G,5.5,37.3
2000,11,G,5.84,25.5
2000,12,G,4.2,17.8
2001,1,G,1.64,12.3
2001,2,G,1.89,17.3
2001,3,G,1.73,12.3
2001,4,G,2.64,23.2
2001,5,G,0.86,7.7
2001,6,G,2.09,26.0
2001,7,G,1.98,21.9
2001,8,G,2.93,15.2
2001,9,G,2.69,18.8
2001,10,G,2.4,27.1
2001,11,G,1.46,15.0
2001,12,G,1.36,9.3
2002,1,G,4.98,19.3
2002,2,G,3.49,24.6
2002,3,G,1.54,8.6
2002,4,G,0.92,14.4
2002,5,G,2.21,12.6
2002,6,G,3.12,19.8
2002,7,G,3.25,23.0
2002,8,G,0.94,8.6
2002,9,G,0.34,5.1
2002,10,G,2.58,12.2
2002,11,G,2.92,18.3
2002,12,G,0.51,4.5
2003,1,G,2.27,14.4
2003,2,G,1.2,16.4
2003,3,G,0.67,8.8
2003,4,G,3.19,23.0
2003,5,G,2.49,10.8
2003,6,G,2.13,18.6
2003,7,G,4.61,41.5
2003,8,G,1.04,10.4
2003,9,G,0.84,6.7
2003,10,G,3.27,32.0
2003,11,G,2.53,18.0
2003,12,G,3.85,24.5
2004,1,G,2.11,19.4
2004,2,G,1.31,13.8
2004,3,G,1.98,15.5
2004,4,G,1.18,8.8
2004,5,G,0.86,9.6
2004,6,G,2.78,14.5
2004,7,G,3.15,23.6
2004,8,G,4.12,23.1
2004,9,G,3.32,36.6
2004,10,G,3.69,20.9
2004,11,G,2.74,19.7
2004,12,G,2.44,19.2
2005,1,G,4.07,19.1
2005,2,G,1.54,10.1
2005,3,G,1.34,11.1
2005,4,G,0.84,7.9
2005,5,G,1.27,15.6
2005,6,G,2.44,27.4
2005,7,G,3.44,29.8
2005,8,G,2.69,16.1
2005,9,G,1.99,21.3
2005,10,G,2.42,21.0
2005,11,G,3.1,16.2
2005,12,G,1.7,11.9
2006,1,G,2.12,36.3
2006,2,G,1.47,12.2
2006,3,G,1.69,14.7
2006,4,G,3.14,15.8
2006,5,G,2.28,14.8
2006,6,G,1.4,27.7
2006,7,G,2.52,37.4
2006,8,G,6.14,59.7
2006,9,G,1.83,22.4
2006,10,G,6.52,43.1
2006,11,G,5.96,29.5
2006,12,G,6.23,36.7
2007,1,G,5.11,21.6
2007,2,G,1.01,6.7
2007,3,G,2.6,16.2
2007,4,G,1.32,16.5
2007,5,G,1.85,10.1
2007,6,G,4.32,42.4
2007,7,G,4.15,21.8
2007,8,G,1.8,16.0
2007,9,G,4.03,17.9
2007,10,G,1.52,31.5
2007,11,G,2.73,22.2
2007,12,G,3.49,20.3
2008,1,G,5.36,20.4
2008,2,G,3.08,19.0
2008,3,G,3.48,19.7
2008,4,G,1.08,8.7
2008,5,G,0.35,10.6
2008,6,G,2.24,22.7
2008,7,G,1.85,16.5
2008,8,G,5.39,58.4
2008,9,G,2.68,20.4
2008,10,G,4.59,33.8
2008,11,G,3.34,13.8
2008,12,G,1.19,10.0
2009,1,G,1.85,26.5
2009,2,G,1.11,12.8
2009,3,G,1.55,11.0
2009,4,G,0.36,8.3
2009,5,G,2.58,17.1
2009,6,G,1.93,16.5
2009,7,G,5.47,38.7
2009,8,G,2.56,22.9
2009,9,G,1.88,19.9
2009,10,G,2.7,22.9
2009,11,G,4.25,21.5
2009,12,G,1.71,18.6
2010,1,G,0.97,14.9
2010,2,G,1.71,12.8
2010,3,G,1.49,8.9
2010,4,G,1.05,7.2
2010,5,G,1.0,15.8
2010,6,G,1.76,20.1
2010,7,G,5.13,45.4
2010,8,G,3.81,37.3
2010,9,G,2.46,21.8
2010,10,G,4.19,35.9
2010,11,G,2.67,25.1
2010,12,G,1.56,8.2
2011,1,G,2.31,15.1
2011,2,G,2.31,17.8
2011,3,G,1.27,14.2
2011,4,G,1.13,14.5
2011,5,G,2.16,13.6
2011,6,G,1.93,20.8
2011,7,G,3.9,23.7
2011,8,G,5.04,28.3
2011,9,G,4.3,29.7
2011,10,G,3.44,21.3
2011,11,G,1.29,11.1
2011,12,G,4.7,21.2
2012,1,G,2.85,21.2
2012,2,G,1.9,16.6
2012,3,G,0.29,4.1
2012,4,G,2.49,27.5
2012,5,G,2.4,30.8
2012,6,G,3.18,27.1
2012,7,G,3.14,30.9
2012,8,G,2.85,18.7
2012,9,G,4.87,16.7
2012,10,G,4.71,30.8
2012,11,G,3.06,13.0
2012,12,G,2.53,13.5
2013,1,G,1.41,9.7
2013,2,G,0.59,5.0
2013,3,G,0.08,1.7
2013,4,G,1.52,10.4
2013,5,G,2.36,19.1
2013,6,G,4.64,29.2
2013,7,G,1.65,27.5
2013,8,G,1.58,20.4
2013,9,G,1.87,13.2
2013,10,G,3.42,19.6
2013,11,G,2.41,22.5
2013,12,G,4.98,21.5
2014,1,G,2.16,16.5
2014,2,G,3.84,16.3
2014,3,G,1.03,12.2
2014,4,G,1.56,12.0
2014,5,G,2.62,15.3
2014,6,G,1.73,15.8
2014,7,G,1.27,8.5
2014,8,G,4.59,18.4
2014,9,G,1.21,11.2
2014,10,G,5.37,46.8
2014,11,G,2.23,19.6
2014,12,G,4.29,25.5
2015,1,G,5.06,18.6
2015,2,G,1.42,10.7
2015,3,G,2.14,13.2
2015,4,G,1.9,14.6
2015,5,G,3.89,24.4
2015,6,G,2.03,25.3
2015,7,G,3.14,27.3
2015,8,G,3.05,21.4
2015,9,G,2.78,13.3
2015,10,G,0.42,5.8
2015,11,G,5.26,28.3
2015,12,G,3.78,17.9
2016,1,G,2.81,24.4
2016,2,G,1.85,12.6
2016,3,G,1.61,9.9
2016,4,G,2.6,19.5
2016,5,G,0.48,6.7
2016,6,G,2.35,20.1
2016,7,G,2.38,18.8
2016,8,G,3.07,20.2
2016,9,G,1.64,19.7
2016,10,G,1.42,9.6
2016,11,G,3.12,19.2
2016,12,G,1.7,13.5
2017,1,G,1.47,15.3
2017,2,G,2.61,15.2
2017,3,G,2.12,12.7
2017,4,G,1.66,11.3
2017,5,G,1.56,23.2
2017,6,G,3.74,22.1
2017,7,G,1.53,13.9
2017,8,G,2.91,15.5
2017,9,G,3.53,28.9
2017,10,G,4.51,25.6
2017,11,G,2.94,10.8
2017,12,G,4.09,21.9
2018,1,G,3.36,16.6
2018,2,G,2.1,14.5
2018,3,G,1.22,12.9
2018,4,G,2.37,17.9
2018,5,G,0.72,12.2
2018,6,G,1.42,12.1
2018,7,G,0.49,6.4
2018,8,G,3.79,43.7
2018,9,G,3.76,18.2
2018,10,G,2.36,18.5
2018,11,G,1.36,10.2
2018,12,G,1.76,14.7
2019,1,G,1.52,19.4
2019,2,G,3.75,29.3
2019,3,G,4.55,21.6
2019,4,G,1.3,35.0
2019,5,G,2.61,17.5
2019,6,G,1.41,10.7
2019,7,G,1.24,10.7
2019,8,G,4.58,23.5
2019,9,G,5.16,31.5
2019,10,G,3.0,19.1
2019,11,Y,2.34,12.0
2019,12,G,4.39,21.5
2020,1,G,2.83,15.4
2020,2,G,4.74,23.1
2020,3,G,2.17,13.3
2020,4,G,1.28,13.0
2020,5,G,1.08,9.8
2020,6,G,2.11,17.9
2020,7,G,3.62,16.5
2020,8,G,0.9,9.4
2020,9,G,2.52,24.4
2020,10,G,4.65,30.7
2020,11,Y,3.45,13.6
2020,12,Y,3.72,26.0
2021,1,G,2.63,22.7
2021,2,G,0.6,5.8
2021,3,G,1.98,18.2
2021,4,G,0.88,10.3
2021,5,G,3.56,17.2
2021,6,G,0.49,6.8
2021,7,G,2.86,21.1
2021,8,Y,3.53,22.0
2021,9,G,3.93,27.2
2021,10,G,4.95,27.9
2021,11,Y,2.92,23.9
2021,12,G,1.23,7.5
2022,1,G,1.93,9.7
2022,2,G,4.79,25.6
2022,3,G,0.11,2.4
2022,4,G,1.8,20.3
2022,5,G,2.11,16.2
2022,6,G,1.59,11.8
2022,7,G,3.61,52.5
2022,8,G,2.32,49.7
2022,9,G,2.55,21.8
2022,10,G,2.74,12.1
2022,11,G,1.46,11.7
2022,12,G,3.14,17.4
2023,1,G,4.9,26.2
2023,2,G,2.53,19.1
2023,3,G,3.99,27.9
2023,4,G,0.75,8.7
2023,5,G,0.46,8.5
2023,6,G,1.31,18.5
